936466790	000000	neutral	Jim Lehrer just directed the debate audience ... 30 seconds ... #tweetdebate
936466992	000000	neutral	Here we go. #tweetdebate
936467712	000000	neutral	what is an appropriately bi-partisan food to bring to a debate party? #tweetdebate
936468396	000000	neutral	@current one minute to get your stuff together #current
936468736	000000	positive	@current I've got the live stream going #current....awesome!
936468782	000000	neutral	Anyone else actually kinda nervous? #tweetdebate
936469851	000000	negative	Watching by myself  #tweetdebate Not drinking :( waiting to start cringing at McCains blunders
936469906	000000	positive	Current TV is pretty cool. Streaming Twitter feedback #tweetdebate
936469907	000000	positive	#tweetdebate the first debate is about to start
936470049	000000	positive	#tweetdebate - good luck both candidates
936470432	000000	negative	"@ahg3 @MichDot Yeah, slime was actually my second choice, can't say what the first one was. Okay, we're rolling..."
936470593	000000	neutral	"#tweetdebate ready, set, go!"
936471235	000000	neutral	"Just ordered pizza and got the cat settled, ready to watch the debates #tweetdebate"
936471247	000000	neutral	Any drinking game ideas for #tweetdebate?
936472030	000000	negative	Preparing to have a heart attack #tweetdebate
936472042	000000	negative	"no debate moderators under 50, sorry  #tweetdebate"
936472907	000000	negative	@current Now staring at black screen on http://www.current.com/debate  grrrrrrrrrrrrrrr  #current
936472928	000000	negative	Introducing McCain and Obama. Wait...McCain SHOWED UP! Wow...guess the crisis in Washington is over? #tweetdebate
936473115	000000	neutral	The moderator is almost as important as the debaters. #current #tweetdebate #debate08
936473550	000000	positive	I can't imagine McCaine beating Obama in a war of words. #tweetdebate
936473721	000000	neutral	@mojosd refresh?
936473869	000000	neutral	#tweetdebate #debate08 I'm helping make the audience global
936474032	000000	negative	#tweetdebate nice how Obama held McCains hand and used his free hand to wave to the audience while keeping McCain from doing so
936474361	000000	positive	#tweetdebate Awesome first debate question
936474486	000000	neutral	#tweetdebate red tie obama
936475544	000000	negative	Obama -2 it an occupation not war #tweetdebate
936475560	000000	neutral	#tweetdebate i never knew what the symbol of the Dems was till 12 yrs ago
936475580	000000	neutral	First question direct to the liver #tweetdebate
936475791	000000	positive	Obama +1 for swift and wise  #tweetdebate
936475824	000000	neutral	@starweaver what happened?
936475857	000000	positive	"+1 for Obama ""Moving fast, moving swiftly"" #tweetdebate"
936476318	000000	negative	"@TDefren  I'm very nervous, yes #tweetdebate"
936476394	000000	negative	#tweetdebate no golden parachutes no padding CEOs - Obama
936476596	000000	positive	Obama looks good. #tweetdebate #current
936477055	000000	positive	+1 for Obama having 4 clear objectives to his plan #tweetdebate
936477231	000000	positive	Looking forward to the twitter storm taking place tonight. #tweetdebate
936477289	000000	neutral	@LuciaZephyr Link please?
936477336	000000	positive	""" Obama +1 for articulating his plans - initial & recognition #tweetdebate"""
936477914	000000	negative	Q for Obama. Does the avg American know what a golden parachute is?  #tweetdebate
936478235	000000	positive	Obama +1 on taxpayer protection and fair shake #tweetdebate
936478277	000000	positive	Obama +1 #tweetdebate
936478329	000000	positive	#tweetdebate +3 to Obama - the failed economy is because of the last 8 years of Bush and McCain's support for those policies
936478426	000000	negative	McCain just gave a cheap plug to Ed Kennedy -1 #tweetdebate #current
936478519	000000	negative	@current current channel reception is continually sucking. Gotta love comcast
936478533	000000	negative	McCain -3 for Kenndey comment #tweetdebate
936478667	000000	negative	McCain -2 for not knowing Kennedy is home and watching the debate  #tweetdebate
936478718	000000	neutral	Can you see this? #tweetdebate
936479026	000000	positive	McCain +1 for plugging Kennedy #tweetdebate
936479031	000000	negative	#tweetdebate McCain starts awkwardly
936479038	000000	negative	-1 McCain for stalling with faux sympathy #tweetdebate
936479048	000000	positive	+1 to Obama for trashing of the trickle down #tweetdebate
936479425	000000	negative	@andrewa121 I only get OTA HD with my EyeTV 500.
936479563	000000	positive	McCain +1 Kennedy comment #tweetdebate
936480186	000000	neutral	#tweetdebate
936480648	000000	negative	McCain is talking about bipartisan negotiation? Uh...no... -1 pt. #tweetdebate #current
936480659	000000	negative	@current McCain looks so tired!! wayyyy past his bedtime #current
936480927	000000	neutral	@kgs @CSPAN-2 :)
936481031	000000	positive	Obama +1 for bullet pointing his bailout policy clearly #tweetdebate
936481044	000000	positive	Obama +2 for specifics #tweetdebate
936481104	000000	negative	"dear john, they were sitting down till you came and stirred up a hornets' nest. pulease -4 #tweetdebate"
936481174	000000	negative	@andrewa121 He looks and sounds pretty tired.
936481537	000000	positive	+1 Obama #tweetdebate
936481635	000000	negative	@current Or its the beginning of the end of the beginning of the end.. Sheesh.
936481733	000000	negative	McCain -2 for a totally muddled answer on what the republicans are doing #tweetdebate
936481835	000000	positive	+1 for mcCain #tweetdebate
936481887	000000	positive	1st impressions: Obama has come across as more presidential and articulate. #tweetdebate
936482365	000000	negative	McCain: this is the end of the beginning. huh? #tweetdebate
936482757	000000	negative	McCain -2 gving credit to house republicans #tweetdebate
936482787	000000	positive	"+Obama for giving a clear concise answer to the first question #tweetdebate"
936482834	000000	negative	-1 McCain all over the place in his answer #tweetdebate
936482875	000000	positive	+1 for Lehrer for calling them both back on track re: recovery plan #tweetdebate
936482946	000000	negative	"Nice, McLame divides...Republicans uniquely came to fix it. Um, ok. #tweetdebate"
936482963	000000	negative	"if ur oldest candidate in history, why start with ""i'm not feeling great"" .. makes u thing ""you're not looking great either #tweetdebate"
936483187	000000	neutral	"McCain: ""It's not the beginning of the end of this crisis...it's the end of the beginning"". What?!?! -1 pt. #tweetdebate #current"
936483241	000000	positive	@jowyang #tweetdebate +1 for Obama too for clear objectives but both are still not that clear where they stand.
936483291	000000	neutral	A silent audience is odd. Wonder how it is for McCain & Obama? #tweetdebate
936483373	000000	negative	Obama -1 for answering a different question #tweetdebate
936483464	000000	positive	I <3 lehrer #tweetdebate great move of repeating question
936484325	000000	negative	McCain -1 for bringing in Kennedy for emotional effect #tweetdebate
936484477	000000	negative	#tweetdebate greed is how we got into this situation in the first place
936484496	000000	positive	"+1 for Jim Lehrer for being a great moderator, everyone drink! #tweetdebate"
936484625	000000	neutral	@current why isn't my stuff showing up on tv?! #current
936484709	000000	neutral	Kennedy is in hospital brought up by McCain #current #tweetdebate
936485053	000000	neutral	Just started watching the debate. Got home a few mins late. Got to get #current and then #tweetdebate
936485499	000000	neutral	Now Trending: #tweetdebate http://tinyurl.com/4h7xsp
936485730	000000	negative	"McCain -2 ""Are you gonna vote for the plan?"" - ""I hope so"" whatte fuck?! #tweetdebate"
936486069	000000	negative	McCain -1 for failing to meaningfully answer the question on economy #tweetdebate
936486111	000000	positive	+2 for Obama making eye contact with the camera #tweetdebate
936487064	000000	negative	McCain -1 improper analogy #tweetdebate
936487130	000000	positive	Obama +1 for equating Republicans with anti-regulation #tweetdebate
936487524	000000	negative	Obama -1 for not understanding economic regulation in America. #tweetdebate
936487555	000000	neutral	Web analyst @jowyang post on how to be an armchair political analyst http://tinyurl.com/3jdy67  #tweetdebate
936488307	000000	positive	Obama +1 pt: We need more responsibility but not just during a crisis. #tweetdebate
936488439	000000	neutral	"@downsokc  if you remember, also include #current  http://current.com/"
936488526	000000	positive	#tweetdebate 21st century framework- I like that and it resonates with me as a future minded strategist & leader @barrackobama
936488896	000000	neutral	@current is the live stream on http://tinyurl.com/64edyb working?
936489621	000000	neutral	@kellyrfeller  Looks like @jowyang is using #tweetdebate for the hashtag.
936489753	000000	negative	"#tweetdebate -1 McCain ""we saw these problems coming"" I thought the economy was fundamentally sound"
936489889	000000	positive	mccain +1 for having a sense of humor (he heard him) #tweetdebate
936490257	000000	negative	Already tired of the Wall Street v Main Street analogies. #tweetdebate
936490363	000000	negative	how annoying are these animations on #Current TV.. reverting to old fashion MSNBC.. #tweetdebate
936490573	000000	positive	Obama +3 for wanting responsibility all the time #tweetdebate
936490584	000000	positive	"Obama: +2 for saying ""we need responsibility all the time, not just during a crisis"" #tweetdebate"
936490983	000000	negative	"@current #current How can you say ""I hope so"" when you are asked the question of voting for something? You should know what yer view is!"
936491401	000000	positive	Obama +1 for calling Mccain out on his history against oversight #tweetdebate
936491702	000000	negative	"""John, ten days ago you said the fundamentals of the economy were strong"" Hilarious #tweetdebate #current"
936491945	000000	negative	McCain -1 for wearing a tie that makes my eyes sore. #tweetdebate
936492182	000000	positive	@nohype good point!
936492186	000000	neutral	Lehrer cannot get them into a conversational groove. What is that going to take?#current #tweetdebate #debate08
936492695	000000	negative	McCain -1 for a total non-answer #tweetdebate
936493022	000000	negative	"-1 McCain Contrary statements regarding the state of the economy #tweetdebate"
936493024	000000	negative	Funny if they looked at each other I think the talking points would disappear and they might even be constructive #tweetdebate
936493163	000000	neutral	"@starweaver sorry, what question did you ask me?"
936493385	000000	positive	+3 McCain for looking Presidential #tweetdebate
936493427	000000	negative	"Really tired of hearing the word ""mainstreet"" in the debate #tweetdebate"
936493600	000000	positive	Obama +1 for holding McCain accountable for his recent record #tweetdebate
936493682	000000	neutral	@esonnenberg I agree that it's odd that McCain & Obama seem to have a hard time directly addressing each other #tweetdebate
936493694	000000	negative	"Fundamentally, if McCain fundamentally uses ""fundamental"" one more time, I'm gonna go nuts. #tweetdebate"
936493874	000000	negative	McCain -2 Wrong Germany is the biggest exporter. Get your facts together! #tweetdebate
936494071	000000	negative	"#tweetdebate and when, just when are the questions going to be answered instead of campaigning talk?"
936494362	000000	negative	"#tweetdebate -1 Mccain for not answering the question and saying ""the wall street""   between the eyeblinking +hesitation he looks weird"
936494368	000000	positive	+1 pt for McCain for his first direct answer #tweetdebate
936494889	000000	positive	"McCain +1 quotable ""I have a fundamental belief in the strength of the American worker."" #tweetdebate"
936495333	000000	neutral	@andrewkgay Too bad. Now you have to have a drink every time you hear #mainstreet or #wallstreet . #tweetdebate
936495826	000000	negative	McCain is not answering the questions  #tweetdebate
936495855	000000	negative	McCain likes the bears in Montana joke too much #tweetdebate #current
936495925	000000	negative	-1 McCain should not joke about bear DNA #tweetdebate
936495994	000000	negative	-1 mccain I love bears in montana #tweetdebate
936496070	000000	negative	mccain -1 answer the question!  #tweetdebate
936496087	000000	negative	-1 McCain flag waving pandering about American workers #tweetdebate
936496331	000000	negative	-2 McCain for stringing too many colloquialisms together and post-Reaganomics sensationalism #tweetdebate
936496497	000000	negative	#tweetdebate question: what did McCain learn from his good friend Charles Keating during the S&L bailout?
936496625	000000	positive	#tweetdebate +1 for Obama for shooting straight to the root of the ideological issue. +1 for McCain for admitting the Republican failure.
936497173	000000	negative	McCain -3 for personal attack #tweetdebate
936497675	000000	positive	"McCain +3 quotable - symptoms of this ""disease"" he calls it - resp. to runaway. spending #tweetdebate"
936497930	000000	positive	Mccain +1 for directly differentiating his fiscal policy against Obama (cut spending) #tweetdebate
936498031	000000	neutral	@current didn't ask one. Responded to yours. No worries.
936498034	000000	neutral	@andrewa121 We needed some Ron Paul crazy in this #debate.
936498228	000000	neutral	True or false $932M dollars. #tweetdebate #current
936498255	000000	negative	mccain -1 for bringing up stupid bear study AGAIN #tweetdebate
936498451	000000	negative	#tweetdebate generic debate so far. They won't even look at each other.
936498987	000000	positive	+1 Obama for calling out the $$ in tax cuts vs $$ in earmarks #tweetdebate
936499750	000000	positive	Obama +2 for putting earmarks in perspective #tweetdebate
936499974	000000	positive	@current #current +1 Obama for bringing up corporate tax cuts at the expense of the middle class. Growing from the bottom up. I like it.
936500191	000000	positive	Obama +1 for tax comment #tweetdebate
936500387	000000	positive	McCain +1 for blowing the whistle on pork barrel spending #tweetdebate
936500418	000000	positive	Obama +2 300 billion dollars wow Tax cut for ordianry American  #tweetdebate
936500866	000000	positive	Grow the economy from the bottom up. +3 to Obama for a nice sound bite. #tweetdebate
936500897	000000	positive	#tweetdebate -1 for McCain for repeating a lot of his talking points *verbatim* he already used since the Republican convention.
936501351	000000	negative	"so far, the debate reminds me of a school yard scolding #tweetdebate"
936501496	000000	neutral	is wondering how long twitter will stay up during the debate ;)     #tweetdebate
936501672	000000	negative	computer for their kid? maybe the parents don't have one. #tweetdebate
936501791	000000	positive	Mccain +2 for successful counter to Obama #tweetdebate
936501953	000000	positive	mccain +2 when obama suspended spending #tweetdebate
936502132	000000	negative	@pamelawella is that what makes him look like that? have always wondered..:) #tweetdebate
936502168	000000	neutral	@current is the live stream working?
936502582	000000	neutral	@jowyang Keeping score on paper. Keep missing what they say when I tweet too much. #tweetdebate
936502843	000000	negative	Earmark spending has tripled over the last 5 years. Hasn't it been a Republican Administration for the last 7? #obamashot #tweetdebate
936503059	000000	negative	"it's like you can see Obama trying to remember all the ""talking points"" and get his slogans out there #tweetdebate"
936503722	000000	negative	McCain: I don't mean to go back and forth??? I thought this was a debate. #tweetdebate
936503772	000000	neutral	#tweetdebate McCain and Obama could you please talk directly to each other?! let's get it on!
936503969	000000	positive	"Mccain +1 ""I want to cut spending and taxes"" #tweetdebate"
936504075	000000	negative	"-1 McCain #tweetdebate ""I didn't win Miss Congeniality"" but his VP did!"
936504189	000000	negative	McCain -3 personal attack & -2 does he have evidence for this accusations to Obama #tweetdebate
936504225	000000	positive	"+1 Obama for giving specific data and clearly identifying is plan #tweetdebate"
936504345	000000	negative	"Facebook Blunt Jackson McCain -3 for ongoing personal attacks, irrelevant #tweetdebate. http://tinyurl.com/4fe6hh"
936504394	000000	negative	Obama on the defensive.  #tweetdebate
936504405	000000	negative	#current #tweetdebate #mccainshot Stop interrupting Obama McCain was just about to say my friends
936504460	000000	negative	Mccain: the sherrif?  uh? #tweetdebate #current
936504461	000000	positive	+2 pts for Obama for pouncing back on McCain #tweetdebate
936504484	000000	positive	+10 Obama for calling out the tax breaks given for outsourcing!!! #tweetdebate
936504555	000000	negative	Jim Lehrer is having trouble getting them actually debating... fire up guys! #tweetdebate #debate08
936504645	000000	negative	McCain -1 for failing to address the keystone tax cut issue #tweetdebate
936504872	000000	neutral	"the sheriff, heh heh #tweetdebate"
936505458	000000	positive	@current #current THe candidates are starting to interact more with each other. This is good.
936505751	000000	negative	McCain's laugh sounds like Bush's!!  SCARYY!!  #tweetdebate
936505804	000000	negative	#tweetdebate they won't even make eye contact. no one is responding directly
936505931	000000	negative	"McCain seems to start every sentence with ""the point is that...."" #tweetdebate #current"
936506367	000000	positive	#tweetdebate +2 for Obama re middle class income decline
936506398	000000	negative	"#tweetdebate Weird that McPain brings up all the Repub bilksters in jail. He wants to separate himself, but doesn't seem like good strategy!"
936506409	000000	positive	Obama +2 for telling McCain what's up. #tweetdebate
936506709	000000	positive	+1 obama for saying removing earmarks not only way to get back on track #tweetdebate
936506977	000000	negative	McCain cant even look at him..he must have gas! #tweetdebate
936507263	000000	neutral	#tweetdebate
936507300	000000	negative	@MaryTrigiani Hilarious line ... would have been better if Palin didn't ... #tweetdebate
936507310	000000	positive	Obama +2 for tackling headon the McCain lie about raising taxes #tweetdebate
936507477	000000	positive	Agreed we can't afford another four #tweetdebate
936507741	000000	positive	#tweetdebate oops... should have been +2 Obama clarifies McCain's fuzzy m
936507871	000000	negative	"I really would like to see Obama & McCain actually engage each other,rather than just talking to the camera #current #tweetdebate"
936508054	000000	negative	#tweetdebate -1 Obama for not answering earmark claim by McCain
936508078	000000	positive	+1 McCain for further explaining the tax plan that Obama is harping on. #tweetdebate
936508228	000000	neutral	@nohype yes is polar bear DNA more important than black bear DNA? too true! ;)
936508498	000000	negative	#tweetdebate McPain: we're exporting jobs 'cause of hi biz taxes. NOT because of cheap labor? Oh geez...
936508612	000000	positive	Obama +1 for laying out his own plan accurately and rebutting earmarks #tweetdebate
936508719	000000	positive	"Face it Obama is going to win regardless of debates, He has the youth voters on his side. #current #tweetdebate"
936509316	000000	neutral	"HOT: earmarks http://buzztter.com/en/k/earmarks and mccain is, #tweetdebate"
936509571	000000	neutral	who is in charge of the reaction audience chart?? #tweetdebate #current
936509631	000000	negative	McCain really believes earmarks got us into this mess and tax cuts will get us out of it? #tweetdebate
936509810	000000	negative	McCain - have you tried buying health insurance for $5000 a year? #tweetdebate
936509870	000000	negative	"#tweetdebate looks like McCain can't make eye contact with Obama and respond directly to him. dang! there goes ""my friends"" again."
936509906	000000	negative	@current #current How can you give all those tax breaks and expect the economy to not go futher into the hole?
936509924	000000	negative	McCain wants us to read his lips #tweetdebate
936509930	000000	negative	@davidweiner You're playing that game?  I'm drinking everytime I hear #economy.
936509958	000000	negative	"McCain -1 avoiding the question? wait, waht was the question exactly.. #tweetdebate"
936510098	000000	negative	McCain -1 for failing (again) to heed the moderator's instructions #tweetdebate
936510364	000000	neutral	@pmbaird He said it was an old pen ... it was a black sharpie ... ok. #tweetdebate
936510612	000000	positive	"#tweetdebate Sen O doesn't know what ""rich"" is. How many houses does McPain have again?"
936510788	000000	positive	Sen McCain would be a very popular President - $5000 tax refund per family!  #tweetdebate
936510964	000000	positive	"Mccain +2 for McCain's sticking $932 MILLION to Obama, putting him on the defense, while explaining his tax policy. #tweetdebate #current"
936511016	000000	negative	"Because I don't have an HDTV, McCain's moire-effect tie is giving me a skull-crushing headache #tweetdebate"
936511049	000000	negative	"@current  Ah yes, the pot and the kettle are debating who is to blame for the proverbial heat in the kitchen.  #current"
936511288	000000	negative	Mccain -1 for looking down and grinning #tweetdebate
936511537	000000	neutral	did someone say foreign policy? #tweetdebate
936511636	000000	positive	Obama +1 for good response to tax / rich challenge #tweetdebate
936511652	000000	positive	Obama +2 for successful response to the business tax issue #tweetdebate
936511747	000000	positive	+2 Obama for not letting McCain off the hook re: tax cuts #tweetdebate
936511947	000000	positive	Obama +3 for loop hole's. That's exactly how it is! #tweetdebate
936512032	000000	negative	-1 mccain for floating idea of $5k tax cuts #tweetdebate
936512119	000000	positive	+5 Obama for teling the truth about business taxes. You just want to add a tax benefit ON TOP of the loopholes #tweetdebate
936512281	000000	neutral	This Aussie live web stream of the #debate08 is a few seconds AHEAD of the U.S. Network coverage: http://www.sbs.com.au/ #tweetdebate
936512543	000000	positive	+1 Obama calling out taxation on health benefits #current #tweetdebate
936512587	000000	positive	"Obama +2 better argument comp to Mccain, more comprehensive for me #Tweetdebate"
936513186	000000	positive	#tweetdebate 95 percent of you will get a tax break.  +5 for Obama's detail
936513239	000000	negative	"#tweetdebate PLEEZE people, can we elect someone this time around who is SMART and ARTICULATE? F*ck having a beer with him/her..."
936513359	000000	negative	#tweetdebate -3 McCain untasty comment about Obama not knowing about household income and wealth
936513363	000000	negative	-1 McCain for breaking the debate rules. #tweetdebate
936513714	000000	positive	they're both getting a little fired up.  #Tweetdebate
936513814	000000	neutral	"""Festooned"" -- uh, drink?  #tweetdebate"
936514134	000000	negative	"Mccain -3 personal attack and don't like the quote again ""walk the walk..talk the talk stuff"" nope doesn't work for me #Tweetdebate"
936514273	000000	positive	Obama +3 zing taxes on health care benefits #tweetdebate
936514643	000000	positive	"+1 mccain for saying ""festooned"" #tweetdebate"
936514698	000000	negative	#tweetdebate McCain can only play one tune.
936514798	000000	negative	Health care costs and social spending sounds like chump change compared with Corporate Welfare. #current #tweetdebate #debate08
936515358	000000	neutral	@davidweiner Did she win Miss Congeniality?
936515442	000000	positive	McCain +1 for using concrete examples. #tweetdebate
936515529	000000	positive	McCain +3 liking his proposed tax system #tweetdebate
936515553	000000	negative	-3 McCain for taling in circles. I don't understand what he is saying. #tweetdebate
936515597	000000	positive	"Current TV stuff is kind of neat, but will opt for the HD feed on CNN #tweetdebate Will DVR most of the last hour due to Sharks game"
936515629	000000	negative	"How long until McCain notes the amount of times Obama voted ""Present"" rather than Yea or Nay? #tweetdebate"
936515700	000000	neutral	It's not like you want to close the loopholes. #obama #tweetdebate
936515745	000000	positive	Obama +1 for wanting to close corporate tax loopholes - not just cut taxes. #tweetdebate
936516081	000000	negative	-1 Obama for breaking the debate rules and walking over the moderator. #tweetdebate
936516280	000000	negative	McCain -1 for hogging the mic. #tweetdebate
936516523	000000	negative	"#tweetdebate Obama right to focus on issues in deregulation, and McCain ignoring these issues"
936517059	000000	positive	+1 obama for mentioning $4b oil co tax cuts   #tweetdebate
936517219	000000	positive	#tweetdebate Obama is insisting that McCain back up his claims with facts.
936517349	000000	negative	McCain -1 weird smirking/laughing #tweetdebate
936517353	000000	neutral	#tweetdebate Word of the night: FESTOONED. Luv that! Use that all day tomorrow at PDX Wordcamp. No more CSS. We'll festoon our blogs. ;-)
936517836	000000	negative	@current #current Obama is stuttering too much. Sounds like Porky Big
936518157	000000	neutral	Have you looked at the #tweetdebate at the top of home screen?
936518439	000000	negative	Financial rescue?  More like financial bailout!  #tweetdebate
936519138	000000	neutral	@current is there a delay in the twittering to show up on screen? #current
936519668	000000	positive	#tweetdebate McPain is getting pwnd ahahah
936519680	000000	negative	-3 McCain still attacking Obama (and spends more time looking at the podium) and -5 for that smile #tweetdebate
936519897	000000	positive	"Obama +3 quotable - ""energy indepedence"" ok. #tweetdebate"
936519904	000000	positive	vote obama!#tweetdebate
936519974	000000	neutral	#tweetdebate #3 Obama first priority is alternative energy. that's my friend gary hirshberg's influence.
936520097	000000	negative	I only just remembered that this was a foreign policy debate. #tweetdebate #current #debate08
936520121	000000	positive	Obama energy independence +3 #tweetdebate
936520155	000000	positive	Obama +1 for asserting clear priorities #tweetdebate
936520256	000000	negative	-1 Obama for too many disclaimers re: potential economic recovery plan #tweetdebate
936520483	000000	positive	#tweetdebate Obama mntions energy independence and health care as budget priorities -- also education
936520606	000000	neutral	"Okay, I'm bored #tweetdebate"
936520938	000000	negative	"@current Healthcare is a financial killer in our capitalist society, oh the irony.  #current"
936521342	000000	neutral	This is the same shit.  Can we talk about something visionary. Everyone know what we need  #tweetdebate
936521361	000000	negative	"@MaryTrigiani Yes, when she lost Miss Alaska."
936521419	000000	negative	-1 to Obama for leaving out conservation in the list of things that will free us from foreign oil #tweetdebate
936521502	000000	positive	"Yes, we have to invest in science, math and technology.  We are 25th in the world in those now.  HORRIBLE.  Good point Obama #tweetdebate"
936521570	000000	negative	What is obama talking about with electricity? #current #tweetdebate
936521747	000000	positive	Obama +2 for education and science and infrastructure comment #tweetdebate
936521972	000000	positive	Obama +1 for infrastructure. #tweetdebate
936522044	000000	neutral	here we go  #tweetdebate
936522104	000000	negative	"ok, obama, people are glazing.  #tweetdebate"
936522152	000000	negative	"Obama -1 what are you ""giving up"" in terms of spending exactly #tweetdebate"
936522187	000000	positive	"whoa! Obama ""broadband lines""  think Mccain caught that? #tweetdebate"
936522406	000000	positive	New electrical grid - interesting - I haven't heard Obama talk about that before #debate08 #tweetdebate #current #momocrats
936522501	000000	negative	China also let infants drink tainted milk do we REALLY want to be like them?? #debate08 #maccainshot #obamashot #tweetdebate #current
936522878	000000	neutral	"scoring the debate on twitter, #tweetdebate tag"
936523073	000000	negative	slipped that in  #tweetdebate
936523206	000000	negative	McCain -3 another personal attack  #tweetdebate
936523275	000000	positive	+1 mccain talking about how far obama is across the aisle #tweetdebate
936523447	000000	positive	Obama +3 for having most liberal voting record #tweetdebate
936523565	000000	neutral	"@sarking Maybe he should! Earmarks like infrastructure, like ROADS and BRIDGES and stuff."
936523593	000000	negative	"#tweetdebate ""I oppose"" drinking game -- bottoms up!"
936523703	000000	negative	"-3 McCain Personal attack, it is hard to reach across the aisle when one is that far to the left. #tweetdebate"
936523786	000000	positive	mccain +1 for eliminating ethanol subsidies #tweetdebate
936523810	000000	positive	"+5 Obama for alt energy, rural broadband, affordable college, healthcare #current #tweetdebate"
936523873	000000	positive	McCain +3 for good sound bite about reaching so far across the aisle from that far left #tweetdebate
936524002	000000	negative	-2 McCain for redundancy #tweetdebate
936524007	000000	neutral	"on a cruise ship, cruising towards ensenada....and watching #current and #tweetdebate play by play....nice"
936524077	000000	negative	@current #current How in this day and age can you deny help to anyone who wants to produce alternative fuel -4 McCain
936524324	000000	positive	#3 Obama #tweetdebate Obama commits to broadband for rural areas. thats the #1 priority for Coos Co. NH. @blendahtom @kramsey
936524912	000000	negative	"#tweetdebate How many people know what ""cost-plus"" contracts are? I wouldn't know if I hadn't worked for construction-related clients."
936525016	000000	negative	McCain -1 for false claims on Obama's voting record. #tweetdebate
936525083	000000	neutral	#tweetdebate
936525121	000000	negative	"#tweetdebate defence contract inefficiency in contracts not the problem, a symptom, warring foreign policy is the REAL problem"
936525158	000000	negative	"Unfortunately, Obama didn't answer the question of what would he cut...#debate08 #tweetdebate"
936525295	000000	positive	"McCain +1 for use of the word ""festooned"" #tweetdebate"
936525378	000000	positive	#tweetdebate We have to do away with no-bid contracts
936525659	000000	neutral	@rodbegbie when are my tweets going to show up on tv?
936525661	000000	negative	-3 pts simply because McCain said he's against ethanol subsidies. boo...#tweetdebate
936526171	000000	negative	The moderator looked scary just now  #current #tweetdebate
936526239	000000	negative	Mccain +3 examine quote ok.. but -1 not answering the question #tweetdebate
936526530	000000	neutral	@soseman Actually @jowyang's debate game is #tweetdebate.
936526625	000000	positive	+1 Lehrer calling out both candidate's lack of commitment to change #tweetdebate
936526672	000000	negative	"-1 Obama for his crazy stuttering. Slow down, think and THEN speak #tweetdebate"
936526921	000000	positive	"+2 Obama math, science, space program, and new infrastructure for new energy #tweetdebate"
936526932	000000	negative	McCain -2 for false statement Obama does not have the most liberal record  #tweetdebate
936527197	000000	positive	"""I know how to do this"" I can fix this"" damn you!  #tweetdebate #current"
936527238	000000	positive	McCain +2 defense spending cuts #tweetdebate
936527240	000000	negative	McCain -2 for bringing federal prison into every question; is he thinking he's lucky not to be there himself? think Keating #tweetdebate
936527280	000000	positive	+1 McLehrer. I think Jim wins the debate. McLehrer for president! #tweetdebate
936528028	000000	positive	Obama +2 for crediting McCain where they agree. #tweetdebate
936528118	000000	negative	McCain -1 for mischaracterizing a naval program #tweetdebate
936528138	000000	positive	"Obama +3 clearly saying 'what he will give up or not"" re: energy etc. #tweetdebate"
936528339	000000	positive	+2 lehrer for calling them on their lack of cajones  to suggest new plans for bailout  #tweetdebate
936528602	000000	positive	"+3 Obama for alt energy, rural broadband, affordable college, healthcare #current #tweetdebate"
936528758	000000	neutral	#tweetdebate medicaid part d needs to be reformed
936528834	000000	positive	"Obama +3 ""Me being liberal, that's just me opposing Bush"" #tweetdebate"
936529425	000000	negative	"#tweetdebate hahahah...""wildly liberal"" is just me opposing bush's wrongheaded policies"
936529720	000000	positive	Google for gov't - good sound bite from Obama. #tweetdebate
936529747	000000	positive	@current #current +1 for bringing your successes with people from across the aisle. Nice comeback from McCain attack +1 Obama
936529775	000000	negative	Google for government? huh? #tweetdebate
936529789	000000	negative	-1 Obama not answering question about specific cuts #tweetdebate
936529795	000000	positive	Obama +1 for pushing transparency #tweetdebate
936530165	000000	neutral	#tweetdebate Bummer: festoon.com and festooned.com are both parked. Festooned.biz is still avail. I'll reserve if someone will create a blog
936530170	000000	negative	"Obama - ""Where's the teleprompter and cue cards!?"" #current #tweetdebate"
936530349	000000	positive	+3 obama for pointing out liberal voting record = opposing bush policies #tweetdebate
936530447	000000	positive	Lehrer +10 for calling both of them out on not answering the question #tweetdebate
936530910	000000	negative	Obama -1 for evading question on what to cut #tweetdebate
936531219	000000	negative	Dang tweeting while pausing the Tivo is not the right thing to do #current #debate08 #tweetdebate
936531236	000000	negative	Where's the foreign policy part of the debate??? :S  #tweetdebate #current
936531392	000000	negative	McCain -1 for evading question on what to cut #tweetdebate
936531470	000000	neutral	just realized we should be writing #tweetdebate
936531490	000000	negative	#tweetdebate Using a hatchet when you need a scalpel. #obamashot
936531637	000000	negative	Obama soundbite: problem with a spending freeze is youre using a hatchet when you need a scalpel #tweetdebate
936531665	000000	negative	Mccain -1 what? spending freeze ??? unclear at all #tweetdebate
936531852	000000	positive	#tweetdebate +2 for Obama for pointing out that McCain's health care plan will start taxing health insurance benefits
936531894	000000	neutral	Denver CBS news wants you to comment on their website. They should have a twitter account as well. #tweetdebate
936532101	000000	neutral	"#tweetdebate gentleman talk about saving, less credit and public transposrtation"
936532209	000000	negative	Close ups of Obama make him look old  #current #tweetdebate
936532362	000000	negative	Obama- I wanna keep spending money--his Early Childhood education is full of crap. #current #tweetdebate
936532467	000000	negative	-3 mccain #tweetdebate spending freeze for everything but defense -- what about our children? our education? energy independence?
936532627	000000	positive	Obama +2 hatchet instead of scapel #tweetdebate
936532660	000000	positive	"#tweetdebate Niiice, a hatchet where you need  a scalpel."
936532794	000000	positive	Obama +2 for successful rebuttal of simplistic solutions #tweetdebate
936533004	000000	positive	Obama +3 for Google for govt idea #tweetdebate
936533178	000000	positive	"+3 Obama for quotable sound bite, ""using a hatchet when you need a scalpel"" #tweetdebate"
936533195	000000	negative	"@current Damn, McCain just had to play the terrorist card. #current"
936533585	000000	positive	#tweetdebate I like the hatchet/scalpel line.
936533757	000000	negative	more nukes is not the answer #tweetdebate
936534020	000000	negative	-1 McCain's off topic on counterpoint about spending cuts    #tweetdebate
936534154	000000	neutral	"late to the debate, put sweet baby girl to sleep. thank goodness for dvrs. wine in hand. i'm ready! #tweetdebate"
936534217	000000	negative	"McCain really shouldn't think off the cuff, he'll paint himself into a corner very quickly  #tweetdebate #current"
936534459	000000	negative	Bill pissed  #tweetdebate  he's like 'step up'!
936534522	000000	negative	McCain -1 for a stunt. Spending freeze is classical BS #tweetdebate
936534564	000000	negative	-1 mccain for promoting nukes and not talking about storage of spent fuel #tweetdebate
936534603	000000	negative	What the heck is the line graph at the bottom of CNN's screen? Looks like my pulse! #tweetdebate
936534617	000000	neutral	can we just use the nuclear power coming off the Sun?  #tweetdebate
936534741	000000	neutral	Jim Lehrer FTW. #tweetdebate
936535256	000000	negative	Yes Obama I want to hear more about your superiority  #current #tweetdebate
936535326	000000	positive	+3 Obama #tweetdebate  putting priority on children and education
936535451	000000	negative	McCain -2 Nuclear power is limited too dude! By 2050 we are out of Uranium! And your power plant is done in 2030 #tweetdebate
936535730	000000	positive	"Obama +1 for a clear, responsible answer to the empty-headed spending freeze #tweetdebate"
936535778	000000	positive	Lerher is bringing the heat w/ questions. #current #tweetdebate
936535823	000000	positive	great examples by Obama #tweetdebate
936535852	000000	negative	Roosevelt again. shit. he needs to throw down  #tweetdebate
936535885	000000	neutral	"@tikva -- totally, you should tweet that to #tweetdebate"
936536123	000000	neutral	#current #tweetdebate can I vote for Jim Lehrer?
936536294	000000	negative	lehrer constantly rephrasing questions - mccain rambles too much to cover his talking points. -1 mccain #tweetdebate
936536308	000000	positive	Obama +3 comparing plans to rosevelt's accomplishments #tweetdebate
936536309	000000	negative	"-1 pt for Jim Leher for asking a stupid question: ""will the economic failure change the way you rule as president?"" uh...YEAH. #tweetdebate"
936536331	000000	neutral	"ok, turning off twitter -- i can't concentrate on watching and read the streams of 30842 tweets per second! #current #debate08 #tweetdebate"
936536365	000000	positive	"That's a great answer Barack! #obama #current, #debate08, #tweetdebate"
936536704	000000	negative	@orbitaldiamonds IKR? Absolutely ridiculous.
936536791	000000	positive	@JustinGunn this is the coolest thing I've seen on TV since the pilot episode of Heroes :-)
936537030	000000	positive	"Obama +1 for first to bring up ""values #tweetdebate"
936537069	000000	neutral	@rodbegbie Thank you!  Just saw  my tweet go by on Current.  I'm so happy
936537134	000000	negative	"#tweetdebate -Google for government-uh, did anyone vote against that?  Voice votes on slam dunk legislation isn't a record of accomplishment"
936537270	000000	negative	Spending freeze? Really McCain? #tweetdebate
936537316	000000	positive	"@current Google versus terrorists, who wins?  Google will straight track those bastards... #current"
936537359	000000	negative	#tweetdebate agree with Obama - McCain hatchett job -ive step. We need a scalpel. Granularity of growth argument.
936537706	000000	negative	"@Condoulo oh boy good point, I doubt I would vote for her milf GMilf etc self anyway."
936537723	000000	positive	+3 Obama for quoteable. Mccain is a hatchet I am a scapel comment. #tweetdebate
936537735	000000	positive	At least Obama is stressing this healthcare issue #tweetdebate
936537808	000000	positive	+2 Obama for clearly articulating that he will cut spending and saying how. #tweetdebate
936537942	000000	negative	McCain -3 for total nonsense #tweetdebate
936538123	000000	negative	Obama - spending on healthcare--he couldn't admit that this spending must stop!   #current #tweetdebate
936538172	000000	negative	-1 McCain for not having a clue how many people can't afford a doctor at all #tweetdebate
936538267	000000	negative	McCain -1 for evading question on what to cut #tweetdebate
936538469	000000	negative	both -2 for saying the same thing over and over again. I know it's because people won't get it otherwise. People -3 ??? #tweetdebate
936538596	000000	positive	+10 to Obama for pointing out that he will not leave out healthcare on a spending contraction #tweetdebate
936538876	000000	positive	#tweetdebate - McCain calls for a spending freeze! - that's what conservatives (and other fiscally responsible Americans) want to hear.
936539182	000000	positive	#tweetdebate +3 for Obama... spending freeze is you're using a hatchet when you need a scapel
936539336	000000	positive	obama +2 for not reacting with mccain-like annoying smile while listening #tweetdebate
936539562	000000	positive	+3 obama #tweetdebate for mentioning health care first. where IS that issue in all this discussion of priorities ?? McCain has no plan
936539583	000000	negative	"#current #tweetdebate people without healthcare don't have those decisions to make, McCain."
936539673	000000	negative	-1 mccain for promoting nukes and not talking about storage of spent fuel #tweetdebate
936539703	000000	negative	"Cut spending, Cut spending Cut spending Cut spending Cut spending :S  #tweetdebate #current"
936539719	000000	negative	"#tweetdebate McCain -2 broken record ""cut spending"". Big ""duh""..."
936539862	000000	negative	@usermac if McCain is a cool beverage it's a plastic tumbler of prune juice.  So unpleasant and cramp inducing.
936539999	000000	negative	"#tweetdebate we can handle banks over to the federal government, but not healthcare?"
936540016	000000	positive	@Condoulo but I do like @phillyd sxephil's plan of her hot legs. That's a good youtube video
936540089	000000	positive	Mccain +2 for dinging Obama on his high-cost health care policy #tweetdebate
936540128	000000	neutral	#tweetdebate come talk about the debate over at: http://ping.fm/7D9SW
936540200	000000	negative	@current #current Spending got out of control under REPUBLICAN presidency.
936540537	000000	neutral	@Laurie2 line graph at CNN is focus groups agreement to what is being said right now #tweetdebate
936540669	000000	negative	"#tweetdebate - McCain calls for all energy alternatives, including Nuclear!  McCain also says Climate Change.  Boo."
936540678	000000	negative	I think Obama miscalculated with not supporting a safe nuclear power program. #tweetdebate
936540794	000000	negative	McCain -3 for another complete mischaracterization of reality (debt to china is utterly irrelevant) #tweetdebate
936540902	000000	positive	McCain +1 spending china #tweetdebate
936541140	000000	negative	"@theebayk1d No..... we will end up with a conservative who supports drilling here in the US as we go to alternatives, second ammendment, etc"
936541176	000000	positive	"#tweetdebate If there's anyone here who thinks there aren't gov agencies who can't be cut, I've got..."
936541482	000000	negative	McCain -3 for making a false statement about Obama's health care plan #tweetdebate
936541498	000000	neutral	@current orgy!!! DRINK #CURRENT
936541768	000000	neutral	This is WHY I dont even care about politics. #tweetdebate
936541846	000000	positive	+2 for Obama going after McCain on budget spending & voting 90% of the time with GWB #tweetdebate
936541860	000000	positive	+1 obama for saying orgy #tweetdebate
936541891	000000	negative	@SistersTalk The fear climate descended with Bush got the West Wing keys. #current #tweetdebate #debate08
936542005	000000	negative	"Obama -3 for getting ""Jim"" err ""John's"" name wrong, and not addressing him as ""senator"" lack of respect #tweetdebate"
936542185	000000	negative	"""This orgy of spending....and you voted for his budgets"" #tweetdebate"
936542265	000000	positive	@current #current YES! Obama hits McCain hard on controlling spending. SCORE +1 Obama
936542355	000000	positive	"Obama +3 for ""Orgy of spending."" #tweetdebate"
936542392	000000	neutral	"hehe ""Jim"" #tweetdebate"
936542398	000000	negative	More pissing on spending... #current #tweetdebate
936542495	000000	positive	Obama +3 for holding the reps responsible! #tweetdebate
936542561	000000	negative	"#tweetdebate Sen O: YOU voted for Bush' budgets. Stand here and say that when it hasn't happened over last 8 hears, it's hard to swallow."
936542624	000000	positive	"""orgy of spending"" good soundbite from Obama #tweetdebate"
936542639	000000	positive	+2 to Twitter for handling this so well (so far). #tweetdebate
936542640	000000	positive	"#tweetdebate: Obama +2 for calling McCain out publicly on ""government let spending get out of control"""
936542683	000000	negative	probably...eventually.... c'mon McCain grow a pair #tweetdebate
936542695	000000	neutral	"#tweetdebate Did Obama say ""orgy"""
936542917	000000	neutral	Waiting for buttons to get pushed. #tweetdebate
936543026	000000	positive	Obama +2 ok..nice rebuttal - but #tweetdebate
936543097	000000	negative	Obama - you voted for all of the budgets that have fuelled this orgy of spending. #tweetdebate
936543140	000000	positive	+3 Obama for linking McCain to Bush's spending #tweetdebate
936543249	000000	negative	He was voted Miss Bitch  #tweetdebate
936543271	000000	negative	McCain rehearsed soundbite: I have not been voted Ms Congeniality #tweetdebate
936543286	000000	negative	"I guess McCain only spends money on shoes, make up and houses  #tweetdebate"
936543559	000000	negative	#tweetdebate Over-used phrase of the night: Miss Congeniality. Wonder how that plays overseas?
936543600	000000	negative	"#tweetdebate soooo tired of hearing ""i have not been electd miss congeniality."
936543977	000000	negative	McCain -1 for reuse of Miss Congeniality reference #tweetdebate
936544036	000000	negative	@current #current If McCain would definitely make a very ugly Ms. Congeniality. Its a lousy cliche to keep throwing out though.
936544045	000000	positive	#tweetdebate THAT'S how you hit back Obama. Keep that up!
936544375	000000	positive	Good job to Obama for pointing out the cognitive dissonance with McCain on his spending issue #current #tweetdebate
936544574	000000	negative	OHHHH First uppercut of the night!  #tweetdebate #current
936544831	000000	neutral	Who?  I'm confused. A gay partner?  I didn't hear about this  #tweetdebate
936544832	000000	negative	45 Nuclear Plants?  OMG WTF?!!?!  #tweetdebate
936545335	000000	negative	-2 McCain for saying Miss Congeniality twice so far. #tweetdebate
936546121	000000	neutral	"""I'm a Maverick""  #tweetdebate #current"
936546678	000000	negative	#tweetdebate McPain: I'm proud to say I've got a good partner who is a maverick. [that's ONE way to describe someone who's clueless]
936547247	000000	neutral	@current  Am I too much of a smartass to be a politician?  #current
936547829	000000	negative	McCain -2 for saying 'were winning in iraq' i'm pretty sure that's not true #tweetdebate
936548142	000000	neutral	Did Mccain's voice just crack? #current #tweetdebate
936548677	000000	negative	"Not being mr congeniality is a BAD thing.  If your senate won't work with you, other countries won't and we need friends #tweetdebate"
936549139	000000	negative	McCain -2 for not answering the question #tweetdebate
936550060	000000	positive	oooh. obama is fixin to out-maverick The Maverick! #current #tweetdebate
936550076	000000	negative	Why does McCain leep talking about Miss Congeniality when that's the title Sarah Palin won? #tweetdebate
936550329	000000	positive	Mac is cracked if he thinks the Iraqis are EVER going to see U.S. as a friend.  They could give a sh*t.  #tweetdebate
936550405	000000	negative	"Obama has been hammering the afgan point too hard, we get it!  #current, #debate08, #tweetdebate"
936550483	000000	neutral	Retweet @rivensky: OMG! His name is John! Not Tom. Not Jim. JOHN! lol #tweetdebate
936550831	000000	neutral	"Did anyone else see that message from current, bad planning -_- @current  #current #tweetdebate"
936550971	000000	positive	"@BarbaraNixon Trumps ""festooned"" :)"
936551122	000000	positive	Mccain +1 for bringing to light recent successes in Iraq #tweetdebate
936551125	000000	positive	+1 Obama calling out costs of this Iraq war!! #tweetdebate
936551691	000000	positive	"#tweetdebate +3 ""eye off the ball"" for Obama"
936551904	000000	positive	-2 McCain predicting winning in Iraq before war is over   #tweetdebate
936552483	000000	neutral	Is McCain is giving hand signals!!! #tweetdebate
936552572	000000	neutral	@themurmish Thanks for the explanation.
936552579	000000	negative	$10 billion/mo in Iraq and McCain wants to talk about earmarks? #current #tweetdebate #debate08
936552996	000000	negative	i hate it when obama tries to be all hawky. #current #tweetdebate
936553058	000000	negative	#tweetdebate Sen O: Al Quaeda stronger now than since '01. Lesson: we have to use military WISELY and we didn't do that in Iraq.
936553094	000000	positive	Obama +3 use military wisely quotable #Tweetdebate
936553095	000000	positive	Obama +2 we need to use the military wisely #tweetdebate
936553252	000000	positive	"#tweetdebate, Amercians need to choose wisely, not just for their own future, but also because it impacts the rest of the world:-)"
936553597	000000	negative	"macain -1 on where he stands on the $700B bailout, he didn't tell us HOW #tweetdebate"
936553642	000000	positive	McCain +1 for response to Obama on Iraq War #tweetdebate
936553792	000000	positive	+2 Obama for saying that the US shouldn't have gone to Iraq in the first place and that it's a waste of money and lives. #tweetdebate
936553922	000000	positive	+2 Obama for rebutting war successes with Afghanistan and bringing up the cost/inefficiency of the war #tweetdebate
936554015	000000	negative	"@current It's either some ""epic battle against the terrorists"" or ""hey, look, it's broken ya'll"".  #current"
936554313	000000	negative	-1 Obama initially off topic answering question on lessons of war  #tweetdebate
936554428	000000	negative	McCain -3 personal attack (what? without evidence huh? what hearing #tweetdebate
936554650	000000	negative	Wow whoever created McCain's talking points was really reaching... #tweetdebate #current #debate08
936554755	000000	negative	-2 McCain for saying we are winning in Iraq. I don't see anything coming out of the Iraq war. #tweetdebate
936554828	000000	positive	"""ORGY OF SPENDING!"" - Obama +2 for quote-of-the-night. #current #tweetdebate"
936554924	000000	positive	"ooh. i love it when obama says, LOOK.... #current #tweetdebate"
936555050	000000	neutral	@cgritter Heeeeeeeeeeeeey! Good to see ya! You joining in the #debate08 drinking game ;-)
936555297	000000	neutral	@litterthisheart YES. The average soldier just wants to get paid and not die. Speaking from my experience and others' I know personally.
936555384	000000	positive	"+1 Obama for clear, detailed answer on Iraq #tweetdebate"
936555666	000000	positive	+2 pts for Obama countering McCain on the war on Iraq in the Senate committee #tweetdebate
936555799	000000	positive	"""Senate Inside Baseball"" -- another good soundbite for Obama #tweetdebate"
936555867	000000	negative	SURGE....tired of that term.  We're still there; we're still losing people (maybe more due to the surge?) #tweetdebate #debate08 #current
936556301	000000	neutral	where is McCains flag pin. #tweetdebate
936556493	000000	negative	Obama gives strong kudos to Biden ... is McCain going to applaud his selection of the Palin creature? #current #tweetdebate #debate08
936556680	000000	positive	Obama +1 on timing of when the war started comment #tweetdebate
936556704	000000	positive	@wrekehavoc +3 to wreke for humorous asides #tweetdebate
936556744	000000	positive	retweet Obama +2 countering that the issues McCain brought up don't go thru his subcommittee #tweetdebate
936557106	000000	positive	Obama +2 for once again schooling McCain. #tweetdebate
936557198	000000	positive	McCain +2 for pointing out that Obama hasn't been to Iraq. #tweetdebate
936557361	000000	neutral	"#tweetdebate Sen O: Surge was tactic to contain damage from all the previous mistakes in Iraq. John, you talk like the war started in '01!"
936557607	000000	negative	-1 for obama trying to ignore the fact the fact that mccain has been a lone voice calling for a change in iraq strategy #tweetdebate
936557653	000000	negative	Mccain -1 for not looking at Obama when Obama is looking at him #tweetdebate
936557855	000000	positive	+3 Obama #tweetdebate the war started in 2002. Obama makes the point on judgement
936557866	000000	neutral	what's the difference between #debate08 and #tweetdebate?  i'm confused.
936558119	000000	negative	@current  It reminds me of some teenagers that totally fucked up their parents' house and now they don't want to admit it.  #current
936558270	000000	neutral	2 4ths of July ago? LOL #tweetdebate
936558456	000000	positive	"+1 obama, barely, for saying ""intelligent military spending"" #tweetdebate"
936558679	000000	negative	McCain -1 for a false statement about Obama commitee responsibilities #tweetdebate
936558772	000000	negative	McCain -3 for being a pompous ass. #tweetdebate
936558803	000000	negative	"oooh, ""I'm afraid Obama doesn't understand the difference between a tactic and a strategy."" - McCain #current #tweetdebate"
936558853	000000	negative	#tweetdebate #obamashot you were wrong you were wrong you were wrong you were wrong
936559123	000000	positive	"-1 Obama dodging McCain, +2 Obama talking directly to McCain, not moderator #tweetdebate"
936559698	000000	neutral	@current  Hmmm...I just noticed you guys have other topic things at the top.  What do those do?  #current
936559729	000000	negative	#tweetdebate McPain: Sen O doesn't understand diff between tactic and strategy [they don't teach you those things at Harvard law?!]
936559957	000000	neutral	would two fourths of July equal a half a July? #current #tweetdebate
936560030	000000	negative	"-3 Mccain for a backhanded comment (""Obama doesn't understand the tactic and the strategy"") #tweetdebate"
936560050	000000	negative	"FACT Soldiers are not reenlisting now buddy! And they are not voting for you! #current, #debate08, #tweetdebate"
936560221	000000	positive	McCain -3 they are winning? what is he on? IRAQ? #tweetdebate
936560842	000000	negative	McCain -2 for triggering patriotism all the time #tweetdebate
936561478	000000	negative	"McCain: ""selecting Palin to win the election is a tactic, dying and making her President is a strategy."" # Current #debate08 #tweetdebate"
936561775	000000	negative	Yes. Let's cut spending for everything EXCEPT our defensive contracts. Are you fucking kidding me? #tweetdebate
936562334	000000	positive	+2 pts for Obama going after McCain for funding of the troops...timetable or no timetable? #tweetdebate
936562352	000000	positive	+4 Obama for addressing McCain directly on war in Iraq #tweetdebate
936562391	000000	neutral	#tweetdebate Putting Rumsfeld in charge of anything was what they may have been talking about.
936562769	000000	positive	+1 Obama explaining attacks that he voted to cut spending for troops #tweetdebate
936563550	000000	positive	+1 for obama's eyemakeup #tweetdebate
936564968	000000	positive	"#tweetdebate -1 para Obama por decir que Bin Laden ""segui a libre"" antes de la guerra con Afganistan y no decir que ""sigue libre"" 
936565808	000000	neutral	"#tweetdebate #current Patreaus, Palin....."
936565820	000000	negative	"@current  Oh, there came the Osama card.  That would have been the perfect time for McCain to ""accidentally"" mess up his name.  #current"
936565868	000000	positive	+3 Obama sound bite I absolutely understand the difference in strategy and tactics!  #tweetdebate
936566918	000000	negative	Facebook Blunt Jackson McCain -3 for total falsehoods and personal attacks #tweetdebate. http://tinyurl.com/43v3kc
936567418	000000	negative	"#tweetdebate McPain STILL quibbling over definition of ""strategy"" and ""tactic."""
936567570	000000	negative	-1 mccain wtf is he talking about in Afghanistan? Ramble on old man #tweetdebate
936567789	000000	negative	"I'm afraid Senator McCain doesn't know the difference between ""succeed"" and ""exceeed."" #tweetdebate"
936568741	000000	negative	"Obama should only interrupt McCain when McCain lies... oh, never mind, that would be more interruptions... # Current #debate08 #tweetdebate"
936568898	000000	positive	obama - +1 for more troops in Afghanistan #tweetdebate
936569173	000000	neutral	#tweetdebate am i the only one that finds it odd that McCain does look or speak to Obama?
936569295	000000	positive	"FACT Obama used ""Wildest Dream"" when talking to Bill O'Reilly, cheap.  #current, #debate08, #tweetdebate"
936569525	000000	negative	"@current  Oh, that brings up a good question.  How the hell can we afford wars that don't matter when we're broke?  #current"
936569848	000000	negative	"Why is that Obama calls McCain John all the time, but McCain never refers to Obama by his first name? #tweetdebate"
936570022	000000	positive	+3 Obama sound bite I absolutely understand the difference in strategy and tactics #tweetdebate
936570091	000000	positive	"Obama +3 - ok.. definitely about the whole ""why we are at war with Iraq = strategic mistake #tweetdebate"
936570160	000000	positive	"Obama +2 ""strategic mistake"" #tweetdebate"
936570360	000000	positive	"Obama +1 for using ""strategic"" correctly. :) #tweetdebate"
936570385	000000	positive	"Obama +2 reasserting his ""strategic"" plans back in McCain's face #tweetdebate"
936570964	000000	neutral	Did Obama just declare war on Pakistan?? #tweetdebate
936571018	000000	negative	"#current #debate08 #tweetdebate Wow, can't anyone stop Mc's bald lies?"
936571351	000000	positive	"-3 ""peace and prosperity are coming to Iraq"" #tweetdebate #current"
936571439	000000	negative	#tweetdebate #obamashot Obama has NOT said change yet. Should i return the tequila bottle?
936571547	000000	neutral	@current #current Leave non-fleeting thoughts on the debate http://tinyurl.com/3wdlme
936571575	000000	negative	@ceanders And he keeps smiling in a really passive pedophile way
936571597	000000	positive	Obama is not anti-war.  Never has been.  Just anti dumb strategy. # Current #debate08 #tweetdebate
936571808	000000	neutral	"Why do Libs want to ""fight"" a war where we're not? #tweetdebate"
936571858	000000	negative	"@current  Do you realize how expensive military weaponry is?  For Christ's sake, can't we just fight our wars with propaganda?  #current"
936572175	000000	positive	#tweetdebate #current #debate08 Great debate Live Blog on www.mlive.com/grpress check it out!
936572186	000000	positive	#tweetdebate -1 Obama for letting McCain ruffle his feathers here and there. There are better ways to manage annoyance.
936572209	000000	positive	Obama +2 for bringing in Pakistan #tweetdebate
936572547	000000	positive	Obama +1 for more details in explaining the situation and laying out his plans. #tweetdebate
936572814	000000	neutral	"@rmonge4surf @rmonge4surf refreshing ireport.com natch, watching pals on twitteriffic, searching #tweetdebate on twitter. how bout you?"
936572830	000000	negative	Agreed: Iran should've been the #1 focus. #tweetdebate
936573198	000000	neutral	"New band name: ""Jaws of Victory"" #tweetdebate"
936573521	000000	positive	McCain +2 for pointing out relevancy of our leaving Afghan in the lurch after Russia left. #tweetdebate
936573643	000000	positive	"McCain is calm, collected, and dominating tonight...no offense, Obama-ites. #current #tweetdebate #debate08"
936573830	000000	positive	+1 Mccain for admitting being wrong #tweetdebate
936573857	000000	positive	+2 obama for pronouncing middle eastern countries correctly #tweetdebate
936573921	000000	positive	+1 Obama on Afghanistan #tweetdebate
936573933	000000	positive	McCain +3 for pull the trigger soundbite #tweetdebate
936574040	000000	positive	"@Flap Yup, he's smart.  Used to be a college professor. # Current #debate08 #tweetdebate"
936574106	000000	negative	McCain soundbite: You don't say that out loud! #tweetdebate
936574261	000000	negative	"#tweetdebate It's the economy, stupid."
936574295	000000	negative	McCain but those freedom fighters were alquaeda -2 #tweetdebate
936574326	000000	negative	I must disagree with Obama - Iran is bigger threat than Al Qaeda #tweetdebate
936574487	000000	negative	McCain -2 for mischaracterizing Obama on Pakistan #tweetdebate
936574572	000000	positive	"McCain admits a mistake; though I'm an obama fan, that's refreshing (don't like admittnig that) #tweetdebate"
936574979	000000	positive	"""If you have to do things, You have to do things"":  Brilliant! #tweetdebate #current"
936575001	000000	positive	McCain +3 for teling Obamanot to threaten Pakistan on TV #tweetdebate
936575006	000000	positive	+1 mccain for taking obama to task about telegraphic Pakistan incursions  #tweetdebate
936575109	000000	negative	Maybe McCain will let Paliin handle Pakistan ... she met some world leaders the other day ... she's ready!! #current #tweetdebate #debate08
936575530	000000	neutral	@chrysaora pedobear
936576107	000000	negative	@current  Why do we care about Pakistan?  Because they have nuclear weapons?  Do they have stability?  #current
936576126	000000	neutral	Being on a 10-minute DVR delay makes it hard to chime in on the #tweetdebate ;)
936576821	000000	neutral	#tweetdebate is anyone totalling the points tweeple are offering up?
936577123	000000	negative	"""You dont say things out loud!?"" Core problem as Republican's #tweetdebate"
936577247	000000	negative	Yep I agree I think that MCCAIN is twisting facts and making lies up about shit. #tweetdebate
936577256	000000	negative	McCain -1 for man crush on General Patraeus #tweetdebate
936577314	000000	neutral	"design-geek that I am, I'm trying to identify the cheesy script font on the backdrop. #current #tweetdebate"
936577340	000000	negative	McCain is treating him like the man-child he is.  Obama needs to stop being so congenial if he wants to win. #current #tweetdebate #debate08
936577779	000000	neutral	Did anyone got 'General Petraeus' in theur drinking game? Call 911 then. #tweetdebate
936577921	000000	positive	McCain +1 for leveraging his first-hand experience with Pakistan. #tweetdebate
936578066	000000	positive	+1 Obama clarifies his comments about taking out Bin Laden #tweetdebate
936578290	000000	negative	"Obama finally called him John, not Tom nor Jim... #tweetdebate"
936578379	000000	positive	Obama +2 come back fr Mccain re: Pakistan #tweetdebate (I am yawning now LOL)
936578469	000000	neutral	"@current  Historically, what would Alexander the Great do about that?  Let them buy into the game on a trial basis?  #current"
936578788	000000	negative	Obama -3 for repeating his Pakistan threads again! #tweetdebate
936578933	000000	positive	+1 McCain for pointing out that Obama supports making strikes in Pakistan against the gov'mnt wishes #tweetdebate
936579001	000000	neutral	i want to move to Ireland... #tweetdebate
936579133	000000	positive	@esonnenberg I love *LOVE* that the two of us hear the same thing & take it two different ways. It's what makes America great. #tweetdebate
936579239	000000	positive	"You have to admit, McCain is VERY knowledgeable about foreign policy & what's happening in the middle east +3 McCain #tweetdebate #debate08"
936579783	000000	positive	"Obama +3 coming from you who sings songs about bombing Iran, I dno't think that's very credible #tweetdebate"
936579936	000000	negative	@current TAKE OUT BIN LADIN YOU LIL BASTARDS!!! #current
936580095	000000	neutral	#tweetdebate: Somehow my friends and I turned the debate into a drinking game. Wine is disappearing fast
936580146	000000	negative	Mccain -1 for saying that Obama wanted to attack Pakistan! #tweetdebate
936580152	000000	negative	McCain -1 for smug smiles. #tweetdebate
936580281	000000	positive	@mabraham1 u couldn't be more wrong. obama is killin it. #current #tweetdebate #debate08
936580398	000000	negative	Obama -1 ok.. you got the leader of N.Korea's name wrong re: pronunciation - need to practice #tweetdebate
936580404	000000	negative	#tweetdebate  Hating that audience reaction graph at the bottom of CNN.
936580515	000000	positive	That was so awesome.. Bomb Bomb bomb Iran! #election08 #Tweetdebate #debates08
936580738	000000	negative	#tweetdebate -2 for Obama for saying McCain is right too much
936580781	000000	negative	"''Coming from you, who've sung songs about bombing Iran, I don't know how credible that is.''  SCORE! #current #debate08 #tweetdebate"
936580847	000000	negative	"Ooh, bomb iran remark hurt! # Current #debate08 #tweetdebate"
936580916	000000	positive	#tweetdebate Obama's relaxing. Good.
936580933	000000	negative	"No kidding!  Obama pronounces ""Pakistan"" and ""Afghanistan"" like a foreigner...Harvard education tendancies! #current #tweetdebate #debate08"
936580936	000000	negative	Obama -1 again Pakistan threat #tweetdebate
936581423	000000	positive	Obama +3 nailing it on Pakistan #tweetdebate
936581578	000000	negative	"retweet: Obama +3 coming from you who sings songs about bombing Iran, I dno't think that's NOT very credible #tweetdebate"
936582313	000000	positive	"Ohhh... +3 Obama for his analysis of our relations with dictator Musharuf in Pakistan, alienating population #tweetdebate"
936582335	000000	negative	"Retweet @AndrewSmith: If ""Petreaus"" was McCain's drinking word, I'd be on the floor at this point. #current  #tweetdebate"
936582347	000000	positive	+1 for Obama's description of Pakistan #tweetdebate
936582539	000000	negative	"Oh, here we go with ""The Record."" #current #debate08 #tweetdebate"
936582741	000000	positive	"McCain +1 ok.. bring ""reagan"" and you get a point, likable anyways #tweetdebate"
936582748	000000	negative	@current  You're welcome to be free!...as long as you're under our control...  So how's your mom?  #current
936583244	000000	negative	wonder how the Pakistani's feel about being called a failed state by mccain #tweetdebate
936583701	000000	positive	here is where McCain's first hand history is helping  #tweetdebate
936583703	000000	neutral	"Thats what the US needs someone open and upfront to say and do things, NOT, hide and not saying things publicly as McCain does #tweetdebate"
936584159	000000	positive	obama +2 for a successful counterpoint to opponents assertion regarding tax loop holes for smb #tweetdebate
936584213	000000	negative	"mccain -1 for saying Obama doesn't understand this or that, he is being too condescending #tweetdebate"
936584515	000000	negative	@evolver I believe the world would implode if they made eye contact with each other. Just saying.  #current #tweetdebate
936584620	000000	negative	why do I all of sudden don't care about Mccain's record? #current #tweetdebate
936584632	000000	negative	"#tweetdebate Obama -3 for Pakistan comments; McCain -3 for smugness and downtalking to Obama. What happened to ""I respectfully disagree?"""
936584806	000000	neutral	#current #tweetdebate #debate08 orgy of spending would make a great name for a band
936585180	000000	neutral	@elaineschoch No kidding! Bono could be prime minister there!
936585389	000000	positive	"Obama +2 for showing a nuanced understanding of Pakistani politics and for bringing up Mccain's ridiculous ""bomb Iran"" comments #tweetdebate"
936585502	000000	positive	"#tweetdebate - I seriously thought Obama would dominate the debate, but McCain is doing better than I thought."
936585638	000000	positive	I wish McCain had been like this at that atrocious Republican convention - drill baby drill - #tweetdebate
936586433	000000	negative	Reagan is why this country is in debt in the first place #tweetdebate
936586515	000000	negative	"McCain -2 for naming dead soldier, cheap shot #tweetdebate"
936586551	000000	negative	McCai -3 for telling shitty bracelet story. Don't waste my time John! #tweetdebate
936586603	000000	negative	Obama needs to explain anti-democratic comment (i.e. letting Musharraf take over after coup - average American not understand) #tweetdebate
936586672	000000	negative	Ok why is it when Mccain makes a point about something he backs it with a war story? #tweetdebate
936586809	000000	positive	"McCain +1 for bringing a ""story"" that's touching re: son enlisted bagdad.killed #tweetdebate"
936586918	000000	negative	#tweetdebate McCain -3 for pulling out all the stops on war vets when we know he supported the cutting of the VET benefits
936587205	000000	negative	mccain -1 pulling the emotional heart strings about making it all worth it  #current #tweetdebate
936587394	000000	negative	@current #current Oh here is where McCain tries to look human by bringing human interest into the debate. Looks trite and cliche
936587738	000000	negative	McCain has stopped debating and resumed his campaigning. #tweetdebate
936587818	000000	negative	*SNORE* #mccain -2 #tweetdebate
936587852	000000	negative	"@jaymesiemer Yeah, my 86 year old mother is upset too... and she doesn't really keep up with these things too much any more!"
936587862	000000	neutral	@SarahInMI I actual think his just has the wireless mic clip on backwards
936587916	000000	negative	"The easiest way to put ""our young men and women into harm's way"" is to vote Republican. #tweetdebate"
936588272	000000	negative	McCain pissing me off about Iraq war bracelet! I wear my Uncle's from VietNam (hes on the last known alive list) what about HIM #tweetdebate
936588620	000000	negative	-1 McCain for telling heartstring pulling stories that don't make a point #tweetdebate
936588708	000000	negative	Why don't we just send Iron Man to Afghanistan? #current #tweetdebate
936588728	000000	negative	Obama -2 for copying cheap shot #tweetdebate
936588761	000000	negative	Uhh dishonor. Are we Klingon now #tweetdebate
936589278	000000	negative	McCain talks like my grandpa... just telling stories #tweetdebate
936589390	000000	negative	I've got a bracelet too. UGHHH ME TOO! ME TOO!!!  Who is actually WEARING it?  #tweetdebate
936589563	000000	positive	Obama +1 good retort!! Make sure no other mother goes through what I am going through. #current #tweetdebate
936589664	000000	negative	Obama -3 for more bracelet shit #tweetdebate
936589672	000000	neutral	Comparing bracelet stories. Of course we honor our troops ... how dare we send them to Iraq! #current #tweetdebate #debate08
936589772	000000	negative	#tweetdebate A bracelet war???
936589794	000000	positive	McCain is bringing tears to my eyes  with the military family stories.  #current #tweetdebate
936589979	000000	negative	"@current  Define defeat.  Oh, you mean like your economy collapsing from within like...because of a terrorist organization?  #current"
936590042	000000	negative	no us soldier ever dies in vain huh... #tweetdebate
936590064	000000	positive	+3 pts for Obama's soundbite about honoring the troops. #tweetdebate
936590074	000000	negative	#debate08 #current #tweetdebate Obama needs to stop stuttering
936590159	000000	positive	#OBAMA WITH THE SLAAAAAAMMM!!!! 'no US soldier dies in vain' +3 #tweetdebate
936590215	000000	positive	"""We could have won Vietnam!"" # Current #debate08 #tweetdebate"
936590277	000000	positive	"Obama +1 nice come back with bracelet story bk ""honor all the service prov"" & ret with better question +2 #tweetdebate"
936590378	000000	negative	@BrianMcAlister You don't say that out loud
936590394	000000	negative	"It's a DEBATE, not story time! #tweetdebate #current #momocrats"
936590487	000000	positive	"Obama +2 for ""I have a bracelet, too."" #tweetdebate"
936590567	000000	positive	"Obama +2 for the counter story, don't let another mother go through this #tweetdebate"
936590629	000000	negative	"""Yeah, well I have a necklace and 2 anklets!!"" #current #debate08 #tweetdebate"
936590651	000000	negative	Both of them -3 for sounding like every other candidate we've ever elected #tweetdebate
936590714	000000	negative	"#tweetdebate Obama -3 twice once for the ""me too"" comment on bracelet & for saying McCain is ""right"" instead of ""I agree"""
936590759	000000	negative	-1 obama ouch on bracelet remark #tweetdebate
936590918	000000	negative	"@barbaranixon I daresay at the current person in the highest elected office would at least look at him! And he doesn't do much, really."
936591013	000000	negative	#tweetdebate can you believe they are talking about bracelets?
936591411	000000	positive	Obama can actually respond intelligently to these questions. #current #debate08 #tweetdebate
936591424	000000	negative	"christ, if I could vote I'm not sure I would want to vote for either O or M based on this #current #tweetdebate #debate08"
936591698	000000	negative	progress in debates. we've moved on from lapel pins to bracelets. #tweetdebate
936591776	000000	negative	i am not persuaded by this idea about relocating the war. #current #tweetdebate
936591783	000000	negative	"It must be really weird debating someone who will not look at you. Look at him, John!  #tweetdebate"
936591842	000000	negative	"It must be really weird debating someone who will not look at you. Look at him, John!  #tweetdebate"
936591927	000000	positive	love the #tweetdebate function off twitter.  Hilarious commentary going on.
936591977	000000	negative	@janoss - why does McCain not look at Obama? Can you answer that one?
936592139	000000	negative	#tweetdebate I can't stand when people debate military strategy by bringing up personal soldier stories. Like McCain's doing.
936592194	000000	negative	@current how long is the delay?
936592387	000000	neutral	@aagha and remember the right name #tweetdebate
936592763	000000	positive	"Obama +3 ""You don't muddle through the central front of terror."" #tweetdebate"
936593037	000000	positive	"#obama: 'you don't muddle through afghanistan, the central front on the war of terror' FTW! +3 #tweetdebate"
936593224	000000	negative	"-2 McCain +2 obama ""mccain said you can ""muddle thru"" afganistan. #tweetdebate McCain sounds condescending and petulant"
936593492	000000	negative	"@current  Did Al Queda take down the economy?  Well, it is a coincidence that we are pissing away money indirectly as a result. #current"
936593512	000000	positive	@matttbastard I'll drink to that.
936593667	000000	negative	"#tweetdebate: we drink everytime they say: Iraq, Bailout, Bush, Iran, Israel, allies, Global Warming, Toxic, Obama, McCain, ""my friends"""
936593808	000000	negative	"-2 pts for McCain's personal attack ""BTW, when I'm subcommittee chairman, we take up the issues in our subcommittee"" #tweetdebate"
936594102	000000	negative	McCain -1 John we know you were in Iraq and Afghanistan and probably had good dinner there #tweetdebate
936594215	000000	negative	is this a debate or a campaign stop?       #tweetdebate
936595514	000000	positive	"loving everyone's debate observations at #current, #debate08 #tweetdebate this is amazing, the variety of opinions"
936595697	000000	negative	-1 Obama for sucking up to Jim #tweetdebate
936595801	000000	positive	#current #tweetdebate is it me or is Obama gaining control of foreign policy discussion?
936596052	000000	negative	#tweetdebate McCain seems like he's really holding in his anger in response to Obama. Quite the contrast.
936596181	000000	negative	@snooks56 The bracelet wars are reminiscent of Danny Glover and Mel Gibson comparing scars in Lethal Weapon  #current #tweetdebate
936596603	000000	negative	#tweetdebate Existential??? John McCamus??
936596611	000000	neutral	Being from Germany I am amazed how unemotional the debate is. Ou German counterpart is much wilder #tweetdebate
936596734	000000	positive	Obama +1 for the interesting pronunciation of Pakistan. #tweetdebate #debate08
936597805	000000	neutral	@current straight talk!!!! DRINKKK!!! BABY DRINK!!! #current
936597856	000000	negative	McCain sound bite: League of Democracies. Will Supes be on our side? Are they going to fight the Axis of Evil? #tweetdebate
936598146	000000	neutral	Aren't we talking NATO here?  #tweetdebate
936598221	000000	negative	McCain -3 for holocaust reference. What's happening in Dafur? #tweetdebate
936598633	000000	negative	Isreal will suffer overwhelming ennui #current #tweetdebate
936598740	000000	negative	I think Republicans learn a different math... #tweetdebate
936598846	000000	negative	-3 McCain-fearmongering: who said anything about a 2nd holocaust? #tweetdebate
936600137	000000	neutral	#debate08 #current #tweetdebate Anyone know a tool that allows for the following of all three tweet streams at once (on one screen)?
936600225	000000	negative	blinky's back! (aka McCain) #tweetdebate #current
936600759	000000	negative	#tweetdebate MCCain Iranians are putting lethal IEDs in Iraq.
936601257	000000	negative	McCain's gaffe: Iran has a lousy government. That's some good int'l diplomacy! #tweetdebate
936601312	000000	neutral	#current #tweetdebate A  League of democracies!!
936601601	000000	positive	McCain +1 for pointing out we need allies in handling Iran #tweetdebate
936602021	000000	negative	so a holocaust caused by Iran is bad but what's happening in Darfur can be ignored? #tweetdebate
936602244	000000	neutral	"@current If I were running, I would try to blame the dog or global warming for the economic failure.  #current"
936602394	000000	negative	McCain mentions existentialism and the French in the same statement.  Irony.  #tweetdebate
936602564	000000	neutral	#tweetdebate what is this audience thing on cnn?
936602600	000000	negative	"#tweetdebate McCain: ""Iranians have a lousy economy."" Kinda like...us! Speaking of the economy... Why aren't they talking more about it?"
936603325	000000	positive	Obama +3 dor bringing up Iraq vs. Iran fact! #tweetdebate
936603339	000000	negative	-5 McCain: you're missing the lead questions and walking on way too many tangents... #tweetdebate #debate08
936603668	000000	positive	#tweetdebate +2 Obama for actually looking at McCain when he makes a point
936604124	000000	negative	-2 Obama saying McCain is right too many times even if true   #tweetdebate
936604137	000000	negative	I cant believe McCain is talking about Iran's threat now. Lets get Iraq/Afganistan fixed first #tweetdebate
936604310	000000	positive	#tweetdebate +3 Purple Tie!!
936604434	000000	positive	+2 Obama for showing an understanding of Middle East politics as a whole #tweetdebate
936604698	000000	negative	@lumatts It is a lousy government. corrupt and unable to provide basic services for its citizens #tweetdebate
936604844	000000	negative	-5 Obama for continuing to say that McCain is right! Augh! Stop that! #tweetdebate
936604893	000000	neutral	"@jasoncarini 1,583 uhs so far #debateok08 #debate08"
936605054	000000	positive	@seasonothebitch Yup. We have always been down with Eastasia...
936605268	000000	negative	"1 hour in, have we heard ANYTHING new? Following #tweetdebate is fun"
936605349	000000	positive	macain +1 for continuing to date himself #tweetdebate
936605482	000000	negative	Dems are too polite. Obama needs to stop saying Mcain is correct. #tweetdebate
936605599	000000	neutral	@johnnycho #tweetdebate Tonight's debate is foreign policy
936605676	000000	positive	+1 pts for Obama's need for talking to allies & trade partners of Iran to help change Iran's nuclear ambitions. #tweetdebate
936605683	000000	neutral	Ok halfway point who's winning? #tweetdebate
936605858	000000	positive	"Obama +2 for a clear, firm answer to the question #tweetdebate"
936605946	000000	positive	"oddly enough, i think obama's ""uh's"" actually help rather than hurt him #current, #tweetdebate"
936606020	000000	negative	"@theebayk1d No, I don't live on Fox either."
936606157	000000	neutral	"#tweetdebate ""that will change when I'm president of the US"" #obamashot"
936606175	000000	neutral	@cgritter I think he has a flag pin AND the mic clip. #debate08
936606745	000000	positive	@arpit #tweetdebate He was asked about Iran
936607067	000000	negative	@gminks I want that League t-shirt. McCain is progressive as a 1950s thinker
936607375	000000	negative	"@current Then have the guilty bastards ""retroactively re-regulated"" and banished somewhere funny.  #current"
936607527	000000	neutral	"OK....... what about other issues? enviroment, and money and stuff like that? #tweetdebate"
936607742	000000	positive	+1 pts for McCain going after Obama for talking with evil leaders without preconditions. #tweetdebate
936607864	000000	negative	Good God can we STOP invading other countries?! #tweetdebate #current #debate08
936608140	000000	negative	"-1 mccain, nobody understands what preconditions are #tweetdebate"
936608162	000000	neutral	@janoss - It doesn't have anything to do with his preparations for this debate?
936608354	000000	negative	-3 McCain for mispronounce of world leader's name. -3 Obama for trying to correct. #tweetdebate
936608439	000000	positive	@current keep up the good work.. I bet your getting slammed
936608485	000000	negative	McCain -3 for propaganda platform rubbish. What an arrogant asshole are you John?! #tweetdebate
936608635	000000	positive	Mccain +1 ok.. for your efforts in pron. names #tweetdebate
936608774	000000	negative	-3 mccain can't even pronounce the name of the head of Iran. @nprpolitics contestants on Wait Wait Don't Tell me do it better. #tweetdebate
936609172	000000	negative	"-5 for McCain's constant reminder of how old he is.  ""Back in the day...""  ""Back when..."" #tweetdebate #debate08"
936609175	000000	neutral	#tweetdebate has there been any knock out punches yet?
936609255	000000	negative	McCain -3 for mispronouncing world leaders' names. Say Ahmadinejad 3 times real fast. #tweetdebate
936609351	000000	negative	Gorbatschow brought the wall down dude not your fucking Reagan! #tweetdebate
936609458	000000	positive	+2 Mccain for understanding that history applies to the present #tweetdebate
936609484	000000	negative	"McCain -2 false statement about "" wiping Israel off map"" #tweetdebate"
936609552	000000	negative	McCain aligning himself with Reagan and Nixon. This is why I don't care for him. #tweetdebate
936609627	000000	neutral	I support sitting down without preconditions. #tweetdebate
936609680	000000	positive	#tweetdebate Kissenger can't leave the the country because he will get arrested in some countries... good one mccain
936609988	000000	neutral	Obama & McCain's Tax Plans Visualized via Washington Post http://zi.ma/9676b6 #current #tweetdebate
936610068	000000	positive	+2 Obama for clear  understanding of Iran/middle east issues #tweetdebate
936610166	000000	negative	@BarackObama McCain has you with Iran. #current #obamashot #mccainshot
936610288	000000	neutral	@NoOneYouKnow Someone Please make the league tshirt. I'm for it! #tweetdebate
936611069	000000	positive	"+1pt for Obama saying ""I reserve the right to meet w/whoever at the time of my choosing as president of US"". #tweetdebate"
936611143	000000	negative	"#tweetdebate -3 for McCain for arrogance and downtalking. This guy is just disrespectful, imagine McCain negotiating internationally"
936611151	000000	negative	"Mccain -1 for rolling his eyes when Obama mentioned that ""A"" isn't the right person at IRAN to target  LOL #Tweetdebate"
936611457	000000	positive	Obama +2 fo tea with Ahmadinejad #tweetdebate
936611495	000000	negative	-3 McCain for lying about Obama's position regarding unconditional negitiatoins #tweetdebate
936611502	000000	negative	@current #current I don't remember Clinton stuttering this much during debates ...
936611660	000000	positive	Obama +3 for using McCain's advisers against him. #tweetdebate
936612296	000000	positive	+3 Obama  sound bite: it doesn't mean you invite them for tea  #tweetdebate
936612517	000000	negative	"@cmarlow480 when you get as old as McCain everything is supported with a story, #tweetdebate"
936612747	000000	positive	"+1 Obama - acknowleding that he was called ""naive"" #tweetdebate"
936612769	000000	positive	+3 Obama There is a difference between pre-conditions and preparation #tweetdebate # current
936613095	000000	neutral	#obamashot everytime i get invited over for tea #tweetdebate
936613220	000000	negative	Why do Republicans do that smirk? It's inherently insulting. #tweetdebate
936613445	000000	positive	+3 Obama There is a difference between pre-conditions and preparation #tweetdebate # current
936613453	000000	positive	Obama +2 on international policy. he's rocking this one! #tweetdebate
936613513	000000	positive	#tweetdebate I'm glad Obama's getting a chance to address this precondition thing.
936613522	000000	positive	"+1 obama on preconditions and tea, that was awesome #tweetdebate"
936613663	000000	neutral	#tweetdebate
936613787	000000	negative	"@lindagoin I'm lead to understand that he did practice prior to the debate, but it's known that he's not a good debater.  Style issue?"
936614418	000000	positive	"+3pts for Obama: Talk first...if that doesn't work, then we've strengthened our position to impose tougher sanctions. #tweetdebate"
936614724	000000	neutral	@sheenatabraham Say some more about Obama's vocal fillers. How do they help? I'm genuinely curious.  #current #tweetdebate
936615509	000000	neutral	@littlesparrowp your grandmother is lousy
936615840	000000	negative	@theebayk1d Exactly.. everything with mccain has a boring story behind it #tweetdebate
936616233	000000	negative	McCain -0.1 each time he smirks while Obama speaks. #tweetdebate
